product_link,title,brand,price,discount,avg_rating,total_ratings
https://www.flipkart.com/dnd-dhoes-party-wear-women/p/itmea84526d527b9?pid=SHOHD9CJAGV75USZ&lid=LSTSHOHD9CJAGV75USZYKK890&marketplace=FLIPKART&q=sports+shoes+for+women&store=osp%2Fiko%2Fd20&srno=s_1_8&otracker=search&otracker1=search&fm=Search&iid=fa154801-6aa5-4978-9b49-9111ecc073d4.SHOHD9CJAGV75USZ.SEARCH&ppt=sp&ppn=sp&ssid=bwz4752o9c0000001755848060165&qH=32e27b1148959538,DND Dhoes Party Wear For Women,DND ,379,0.81,,
https://www.flipkart.com/k-footlance-stylish-walking-partywear-sneakers-casual-shoes-women/p/itm0d77730e70a9b?pid=SHOGJ2W8QVCZUSYW&lid=LSTSHOGJ2W8QVCZUSYWFI0KZL&marketplace=FLIPKART&q=sports+shoes+for+women&store=osp%2Fiko%2Fd20&srno=s_1_12&otracker=search&otracker1=search&fm=Search&iid=en_iwWHoaPJxCo9TG43vj639slmXBR__dWsIS9-M2WwM-oc3OUZwTnpuuMQFkwuE7_zhLmBxUGbpjL3liwdllpdYg%3D%3D&ppt=sp&ppn=sp&ssid=bwz4752o9c0000001755848060165&qH=32e27b1148959538,Stylish Walking Partywear Sneakers Casual Shoes Walking Shoes For Women,K' Footlance ,397,0.6,3.9,12392
https://www.flipkart.com/trenz-shiv-nareshrunning-shoes-women-running/p/itm72d6d9ba08b45?pid=SHOHEYQRT6YJPQZY&lid=LSTSHOHEYQRT6YJPQZYBUMPLT&marketplace=FLIPKART&q=sports+shoes+for+women&store=osp%2Fiko%2Fd20&srno=s_1_36&otracker=search&otracker1=search&fm=Search&iid=fa154801-6aa5-4978-9b49-9111ecc073d4.SHOHEYQRT6YJPQZY.SEARCH&ppt=sp&ppn=sp&ssid=bwz4752o9c0000001755848060165&qH=32e27b1148959538,by Shiv NareshRunning Shoes For Women Running Shoes For Women,Trenz ,2199,,,
https://www.flipkart.com/campus-siren-women-s-sports-shoes-integrated-nitrofly-technology-mesh-upper-lace-up-running-women/p/itmdefeca73bfbf3?pid=SHOHFS58HWNQGMHH&lid=LSTSHOHFS58HWNQGMHHYVDMEW&marketplace=FLIPKART&q=sports+shoes+for+women&store=osp%2Fiko%2Fd20&srno=s_1_39&otracker=search&otracker1=search&fm=Search&iid=fa154801-6aa5-4978-9b49-9111ecc073d4.SHOHFS58HWNQGMHH.SEARCH&ppt=sp&ppn=sp&ssid=bwz4752o9c0000001755848060165&qH=32e27b1148959538,SIREN Women's Sports Shoes | Integrated NitroFly Technology |Mesh Upper |Lace-Up Running Shoes For Women,CAMPUS ,1221,0.44,4.4,2134
https://www.flipkart.com/k-footlance-stylish-walking-partywear-sneakers-casual-shoes-women/p/itm9092b85991653?pid=SHOGJ2W89XZEDHUZ&lid=LSTSHOGJ2W89XZEDHUZC5ESAV&marketplace=FLIPKART&q=sports+shoes+for+women&store=osp%2Fiko%2Fd20&srno=s_2_41&otracker=search&otracker1=search&fm=Search&iid=en_2QoUo5K34gYrl_JLVq2lq0Ls6n6U-ZwiJH-HP4enHyR2brZWHqd3oMwUSwbvmM2DH95oWs5JDxMFICS8--jVrg%3D%3D&ppt=sp&ppn=sp&ssid=2yfbin3ohs0000001755848062875&qH=32e27b1148959538,Stylish Walking Partywear Sneakers Casual Shoes Walking Shoes For Women,K' Footlance ,397,0.6,3.9,12392
https://www.flipkart.com/k-footlance-stylish-walking-partywear-sneakers-casual-shoes-women/p/itm8a182ef37e4be?pid=SHOGJ2W8HZZUSDSW&lid=LSTSHOGJ2W8HZZUSDSW62WIKJ&marketplace=FLIPKART&q=sports+shoes+for+women&store=osp%2Fiko%2Fd20&srno=s_2_42&otracker=search&otracker1=search&fm=Search&iid=en_2QoUo5K34gYrl_JLVq2lq0Ls6n6U-ZwiJH-HP4enHyRtr4meHt-QuXJSPd_VJZY7QInxY9okCElxQCWX4DGyJQ%3D%3D&ppt=sp&ppn=sp&ssid=2yfbin3ohs0000001755848062875&qH=32e27b1148959538,Stylish Walking Partywear Sneakers Casual Shoes Walking Shoes For Women,K' Footlance ,336,0.66,3.9,12392
https://www.flipkart.com/campus-annie-women-s-casual-shoes-sock-like-fit-integrated-foamlite-tech-slip-walking-women/p/itm49516edb35b9a?pid=SHOGHU8DSNH5PGZF&lid=LSTSHOGHU8DSNH5PGZFSDO9RL&marketplace=FLIPKART&q=sports+shoes+for+women&store=osp%2Fiko%2Fd20&srno=s_2_45&otracker=search&otracker1=search&fm=Search&iid=d9efae40-8038-4141-a14c-423fda55a88c.SHOGHU8DSNH5PGZF.SEARCH&ppt=sp&ppn=sp&ssid=2yfbin3ohs0000001755848062875&qH=32e27b1148959538,ANNIE Women's Casual Shoes | Sock-Like Fit | Integrated FoamLite Tech | Slip On Walking Shoes For Women,CAMPUS ,999,0.28,4.2,46254
https://www.flipkart.com/hrx-hrithik-roshan-059-01-running-shoes-women/p/itm26b8d4a377133?pid=SHOGRENUHF44HHKH&lid=LSTSHOGRENUHF44HHKHU0INJA&marketplace=FLIPKART&q=sports+shoes+for+women&store=osp%2Fiko%2Fd20&srno=s_2_47&otracker=search&otracker1=search&fm=Search&iid=en_2QoUo5K34gYrl_JLVq2lq0Ls6n6U-ZwiJH-HP4enHySME9ZAau27Zb90T07qbo8d5QhVDC0LAktpZjoFXqdmsQ%3D%3D&ppt=sp&ppn=sp&ssid=2yfbin3ohs0000001755848062875&qH=32e27b1148959538,-059 01 Running Shoes For Women,HRX by Hrithik Roshan ,1299,0.65,4.2,2470
https://www.flipkart.com/blinder-women-s-girls-trendy-lightweight-comfortable-casual-wear-lace-up-shoes-running-women/p/itma7021f26b33cf?pid=SHOFY3CN3SXPZGHK&lid=LSTSHOFY3CN3SXPZGHKSTJTE1&marketplace=FLIPKART&q=sports+shoes+for+women&store=osp%2Fiko%2Fd20&srno=s_2_48&otracker=search&otracker1=search&fm=Search&iid=en_2QoUo5K34gYrl_JLVq2lq0Ls6n6U-ZwiJH-HP4enHySEbuo029RhdaedTYXRqjN3tqlnU3fKftlwXr80ehvrXg%3D%3D&ppt=sp&ppn=sp&ssid=2yfbin3ohs0000001755848062875&qH=32e27b1148959538,Women's | Girls Trendy Lightweight Comfortable Casual wear Lace-Up Shoes Running Shoes For Women,BLINDER ,584,0.41,4,2508
https://www.flipkart.com/sparx-sl-167-running-shoes-women/p/itmd15ed0a5de2ce?pid=SHOGYAFQPFEGZ2N2&lid=LSTSHOGYAFQPFEGZ2N2DGVP4G&marketplace=FLIPKART&q=sports+shoes+for+women&store=osp%2Fiko%2Fd20&srno=s_2_50&otracker=search&otracker1=search&fm=Search&iid=d9efae40-8038-4141-a14c-423fda55a88c.SHOGYAFQPFEGZ2N2.SEARCH&ppt=sp&ppn=sp&ssid=2yfbin3ohs0000001755848062875&qH=32e27b1148959538,SL 167 Running Shoes For Women,Sparx ,979,0.1,4.3,14597
https://www.flipkart.com/k-footlance-stylish-walking-partywear-sneakers-casual-shoes-women/p/itm0d77730e70a9b?pid=SHOGJ2W8QVCZUSYW&lid=LSTSHOGJ2W8QVCZUSYWFI0KZL&marketplace=FLIPKART&q=sports+shoes+for+women&store=osp%2Fiko%2Fd20&srno=s_2_51&otracker=search&otracker1=search&fm=Search&iid=en_2QoUo5K34gYrl_JLVq2lq0Ls6n6U-ZwiJH-HP4enHyQHx81xmgurdDvaJ9G98gv14lkdf_iboj4ofvvqRSlx_Q%3D%3D&ppt=sp&ppn=sp&ssid=2yfbin3ohs0000001755848062875&qH=32e27b1148959538,Stylish Walking Partywear Sneakers Casual Shoes Walking Shoes For Women,K' Footlance ,397,0.6,3.9,12392
https://www.flipkart.com/asian-mercury-11-black-sports-gym-walking-training-stylish-running-shoes-women/p/itmd6332e857f3ab?pid=SHOGPFGZGHRRHDYQ&lid=LSTSHOGPFGZGHRRHDYQ3ZBDPJ&marketplace=FLIPKART&q=sports+shoes+for+women&store=osp%2Fiko%2Fd20&srno=s_2_52&otracker=search&otracker1=search&fm=Search&iid=en_2QoUo5K34gYrl_JLVq2lq0Ls6n6U-ZwiJH-HP4enHyT-dZmST4WQYvKco_qTLRz1112_r9xiybP_uxc2Utuj7_UFjCTyOHoHZs-Z5_PS_w0%3D&ppt=sp&ppn=sp&ssid=2yfbin3ohs0000001755848062875&qH=32e27b1148959538,"Mercury-11 Black Sports,Gym,Walking,Training,Stylish Running Shoes For Women",asian ,832,0.2,4.2,93678
https://www.flipkart.com/campus-raye-women-s-sports-shoes-pillofoam-comfort-cushioned-memory-insole-lace-up-running-women/p/itm5709db7a05836?pid=SHOHF5HFKGFHFNWY&lid=LSTSHOHF5HFKGFHFNWYQP3PBZ&marketplace=FLIPKART&q=sports+shoes+for+women&store=osp%2Fiko%2Fd20&srno=s_2_54&otracker=search&otracker1=search&fm=Search&iid=d9efae40-8038-4141-a14c-423fda55a88c.SHOHF5HFKGFHFNWY.SEARCH&ppt=sp&ppn=sp&ssid=2yfbin3ohs0000001755848062875&qH=32e27b1148959538,RAYE Women's Sports Shoes | PilloFoam Comfort & Cushioned Memory Insole |Lace-Up Running Shoes For Women,CAMPUS ,999,0.5,4.4,4773
https://www.flipkart.com/roadster-sneakers-women/p/itm0291815971768?pid=SHOGRNN629HKSY5Z&lid=LSTSHOGRNN629HKSY5ZDSCIVU&marketplace=FLIPKART&q=sports+shoes+for+women&store=osp%2Fiko%2Fd20&srno=s_2_59&otracker=search&otracker1=search&fm=Search&iid=d9efae40-8038-4141-a14c-423fda55a88c.SHOGRNN629HKSY5Z.SEARCH&ppt=sp&ppn=sp&ssid=2yfbin3ohs0000001755848062875&qH=32e27b1148959538,Sneakers For Women,Roadster ,799,0.8,3.8,8366
https://www.flipkart.com/fabbmate-trendy-memory-foam-walking-slip-sneakers-women/p/itmd921f7c68f2d9?pid=SHOHEPJRMHG3RGHZ&lid=LSTSHOHEPJRMHG3RGHZHCF2AC&marketplace=FLIPKART&q=sports+shoes+for+women&store=osp%2Fiko%2Fd20&srno=s_2_61&otracker=search&otracker1=search&fm=Search&iid=en_2QoUo5K34gYrl_JLVq2lq0Ls6n6U-ZwiJH-HP4enHyQfjQ4d1-Tjs3eIsFbo1eSmMLhW9Y_udopvTaA1BEuDrA%3D%3D&ppt=sp&ppn=sp&ssid=2yfbin3ohs0000001755848062875&qH=32e27b1148959538,Fabbmate Trendy Memory Foam Walking Slip On Sneakers For Women,Fabbmate ,398,0.5,4.2,179
https://www.flipkart.com/action-kia-401-lightweight-comfortable-ulta-comfort-running-shoes-women/p/itm90cc51c9619c6?pid=SHOGZXH8AUG6QGBC&lid=LSTSHOGZXH8AUG6QGBCPL73GF&marketplace=FLIPKART&q=sports+shoes+for+women&store=osp%2Fiko%2Fd20&srno=s_2_62&otracker=search&otracker1=search&fm=Search&iid=en_2QoUo5K34gYrl_JLVq2lq0Ls6n6U-ZwiJH-HP4enHyTTHf4H8im7s83-W-ulEd1MFJFRNeGlCaz0k4GVUwCIvw%3D%3D&ppt=sp&ppn=sp&ssid=2yfbin3ohs0000001755848062875&qH=32e27b1148959538,KIA 401 Lightweight Comfortable Ulta-Comfort Running Shoes For Women,action ,899,0.64,4,144
https://www.flipkart.com/campus-annie-women-s-casual-shoes-sock-like-fit-integrated-foamlite-tech-slip-walking-women/p/itme10e843d56077?pid=SHOGACFWPDMQYNSH&lid=LSTSHOGACFWPDMQYNSHU19SZD&marketplace=FLIPKART&q=sports+shoes+for+women&store=osp%2Fiko%2Fd20&srno=s_2_65&otracker=search&otracker1=search&fm=Search&iid=d9efae40-8038-4141-a14c-423fda55a88c.SHOGACFWPDMQYNSH.SEARCH&ppt=sp&ppn=sp&ssid=2yfbin3ohs0000001755848062875&qH=32e27b1148959538,ANNIE Women's Casual Shoes | Sock-Like Fit | Integrated FoamLite Tech | Slip On Walking Shoes For Women,CAMPUS ,999,0.28,4.2,46254
https://www.flipkart.com/bersache-premium-sports-gym-trending-stylish-running-shoes-women/p/itm53e96546dba36?pid=SHOHFC8WY6CHRA5V&lid=LSTSHOHFC8WY6CHRA5VHKONSB&marketplace=FLIPKART&q=sports+shoes+for+women&store=osp%2Fiko%2Fd20&srno=s_2_67&otracker=search&otracker1=search&fm=Search&iid=en_2QoUo5K34gYrl_JLVq2lq0Ls6n6U-ZwiJH-HP4enHyRj0jaRJxscZCfSh7K_xr7ET8ABc5CSftu96a_pIIyCG33Gaq_wzx4HJysDmGalzMk%3D&ppt=sp&ppn=sp&ssid=2yfbin3ohs0000001755848062875&qH=32e27b1148959538,"Bersache Premium Sports ,Gym, Trending Stylish Running Shoes For Women",BERSACHE ,809,0.83,3.9,345
https://www.flipkart.com/bersache-premium-sports-walking-running-shoes-women-s-girls-women/p/itm9c882ec9ad721?pid=SHOH3XTHZNC5ZEP9&lid=LSTSHOH3XTHZNC5ZEP9GWQQR9&marketplace=FLIPKART&q=sports+shoes+for+women&store=osp%2Fiko%2Fd20&srno=s_2_68&otracker=search&otracker1=search&fm=Search&iid=en_2QoUo5K34gYrl_JLVq2lq0Ls6n6U-ZwiJH-HP4enHyQ1F6AwDKXugvcfExEdfiEM4fGflmw8sZ1ueZNNEIvaJmaRs4JL222ZRV-dN99QnxU%3D&ppt=sp&ppn=sp&ssid=2yfbin3ohs0000001755848062875&qH=32e27b1148959538,"Bersache Premium Sports ,walking Running Shoes For Women's /Girls Running Shoes For Women",BERSACHE ,722,0.63,3.8,169
https://www.flipkart.com/bersache-premium-sports-gym-trending-stylish-running-shoes-women/p/itme1969966c17b7?pid=SHOHF5UYHHYCGZUW&lid=LSTSHOHF5UYHHYCGZUWF2TUZ6&marketplace=FLIPKART&q=sports+shoes+for+women&store=osp%2Fiko%2Fd20&srno=s_2_71&otracker=search&otracker1=search&fm=Search&iid=en_2QoUo5K34gYrl_JLVq2lq0Ls6n6U-ZwiJH-HP4enHyQNQNBd7EE60kCHjfaEVEJMhWlqxLNnPPbwVemLGx6Bo68iqbiwhGf4dwbXVx7ZSks%3D&ppt=sp&ppn=sp&ssid=2yfbin3ohs0000001755848062875&qH=32e27b1148959538,"Bersache Premium Sports ,Gym, Trending Stylish Running Shoes Running Shoes For Women",BERSACHE ,853,0.82,4,176
https://www.flipkart.com/asics-jolt-4-running-shoes-women/p/itm90182a1c2eec3?pid=SHOHFT65BZFVPVSH&lid=LSTSHOHFT65BZFVPVSHWTLPN0&marketplace=FLIPKART&q=sports+shoes+for+women&store=osp%2Fiko%2Fd20&srno=s_2_74&otracker=search&otracker1=search&fm=Search&iid=d9efae40-8038-4141-a14c-423fda55a88c.SHOHFT65BZFVPVSH.SEARCH&ppt=sp&ppn=sp&ssid=2yfbin3ohs0000001755848062875&qH=32e27b1148959538,JOLT 4 Running Shoes For Women,Asics ,2695,0.5,4.2,133
https://www.flipkart.com/k-footlance-walking-shoes-women/p/itm276e3f6029773?pid=SHOGH4FGDJ7MSRAW&lid=LSTSHOGH4FGDJ7MSRAWNSOWGR&marketplace=FLIPKART&q=sports+shoes+for+women&store=osp%2Fiko%2Fd20&srno=s_2_77&otracker=search&otracker1=search&fm=Search&iid=en_2QoUo5K34gYrl_JLVq2lq0Ls6n6U-ZwiJH-HP4enHyS_uHqhmakGjJagB68oMAKHtk-tOXhi6axgv_z2TM2OUg%3D%3D&ppt=sp&ppn=sp&ssid=2yfbin3ohs0000001755848062875&qH=32e27b1148959538,Walking Shoes For Women,K' Footlance ,386,0.61,3.9,12392
https://www.flipkart.com/sparx-sl-233-outdoors-women/p/itme475f4c4581fa?pid=SHOGPWHUFRFKUHCF&lid=LSTSHOGPWHUFRFKUHCF0AOCFW&marketplace=FLIPKART&q=sports+shoes+for+women&store=osp%2Fiko%2Fd20&srno=s_2_78&otracker=search&otracker1=search&fm=Search&iid=en_2QoUo5K34gYrl_JLVq2lq0Ls6n6U-ZwiJH-HP4enHyTQlKJRWIqobWmZlIE5LNSFkaQPKU9TBVGM9xhUoaZsDYE8waCTrWcncKeK_ydPfoM%3D&ppt=sp&ppn=sp&ssid=2yfbin3ohs0000001755848062875&qH=32e27b1148959538,SL 233 Outdoors For Women,Sparx ,849,0.15,4.2,124
https://www.flipkart.com/k-footlance-stylish-walking-partywear-sneakers-casual-shoes-women/p/itm9092b85991653?pid=SHOGJ2W89XZEDHUZ&lid=LSTSHOGJ2W89XZEDHUZC5ESAV&marketplace=FLIPKART&q=sports+shoes+for+women&store=osp%2Fiko%2Fd20&srno=s_3_81&otracker=search&otracker1=search&fm=Search&iid=en_cICWouCsfCkpMkldzQ7qGHyMa6iompafmFbzic046PFvxk__GGQZ-Aw6-FifYb7aH95oWs5JDxMFICS8--jVrg%3D%3D&ppt=sp&ppn=sp&ssid=378l7oymrk0000001755848067017&qH=32e27b1148959538,Stylish Walking Partywear Sneakers Casual Shoes Walking Shoes For Women,K' Footlance ,397,0.6,3.9,12392
https://www.flipkart.com/k-footlance-stylish-walking-partywear-sneakers-casual-shoes-women/p/itm8a182ef37e4be?pid=SHOGJ2W8HZZUSDSW&lid=LSTSHOGJ2W8HZZUSDSW62WIKJ&marketplace=FLIPKART&q=sports+shoes+for+women&store=osp%2Fiko%2Fd20&srno=s_3_82&otracker=search&otracker1=search&fm=Search&iid=en_cICWouCsfCkpMkldzQ7qGHyMa6iompafmFbzic046PGjWFgYO4h2We6fqq7J0sSdQInxY9okCElxQCWX4DGyJQ%3D%3D&ppt=sp&ppn=sp&ssid=378l7oymrk0000001755848067017&qH=32e27b1148959538,Stylish Walking Partywear Sneakers Casual Shoes Walking Shoes For Women,K' Footlance ,336,0.66,3.9,12392
https://www.flipkart.com/hrx-hrithik-roshan-059-01-running-shoes-women/p/itm26b8d4a377133?pid=SHOGRENUHF44HHKH&lid=LSTSHOGRENUHF44HHKHU0INJA&marketplace=FLIPKART&q=sports+shoes+for+women&store=osp%2Fiko%2Fd20&srno=s_3_87&otracker=search&otracker1=search&fm=Search&iid=en_cICWouCsfCkpMkldzQ7qGHyMa6iompafmFbzic046PELuM7MF_Z-6deWh3V8_UUj5QhVDC0LAktpZjoFXqdmsQ%3D%3D&ppt=sp&ppn=sp&ssid=378l7oymrk0000001755848067017&qH=32e27b1148959538,-059 01 Running Shoes For Women,HRX by Hrithik Roshan ,1299,0.65,4.2,2470
https://www.flipkart.com/blinder-women-s-girls-trendy-lightweight-comfortable-casual-wear-lace-up-shoes-running-women/p/itma7021f26b33cf?pid=SHOFY3CN3SXPZGHK&lid=LSTSHOFY3CN3SXPZGHKSTJTE1&marketplace=FLIPKART&q=sports+shoes+for+women&store=osp%2Fiko%2Fd20&srno=s_3_88&otracker=search&otracker1=search&fm=Search&iid=en_cICWouCsfCkpMkldzQ7qGHyMa6iompafmFbzic046PF2imi0bUP4mf471eBPWa4gtqlnU3fKftlwXr80ehvrXg%3D%3D&ppt=sp&ppn=sp&ssid=378l7oymrk0000001755848067017&qH=32e27b1148959538,Women's | Girls Trendy Lightweight Comfortable Casual wear Lace-Up Shoes Running Shoes For Women,BLINDER ,584,0.41,4,2508
https://www.flipkart.com/k-footlance-stylish-walking-partywear-sneakers-casual-shoes-women/p/itm0d77730e70a9b?pid=SHOGJ2W8QVCZUSYW&lid=LSTSHOGJ2W8QVCZUSYWFI0KZL&marketplace=FLIPKART&q=sports+shoes+for+women&store=osp%2Fiko%2Fd20&srno=s_3_91&otracker=search&otracker1=search&fm=Search&iid=en_cICWouCsfCkpMkldzQ7qGHyMa6iompafmFbzic046PHwRQnKxIHWhZ99ViZAPem64lkdf_iboj4ofvvqRSlx_Q%3D%3D&ppt=sp&ppn=sp&ssid=378l7oymrk0000001755848067017&qH=32e27b1148959538,Stylish Walking Partywear Sneakers Casual Shoes Walking Shoes For Women,K' Footlance ,397,0.6,3.9,12392
https://www.flipkart.com/asian-mercury-11-black-sports-gym-walking-training-stylish-running-shoes-women/p/itmd6332e857f3ab?pid=SHOGPFGZGHRRHDYQ&lid=LSTSHOGPFGZGHRRHDYQ3ZBDPJ&marketplace=FLIPKART&q=sports+shoes+for+women&store=osp%2Fiko%2Fd20&srno=s_3_92&otracker=search&otracker1=search&fm=Search&iid=en_cICWouCsfCkpMkldzQ7qGHyMa6iompafmFbzic046PFe8WiOIsBHTf-iqhnJ_sg9112_r9xiybP_uxc2Utuj7_UFjCTyOHoHZs-Z5_PS_w0%3D&ppt=sp&ppn=sp&ssid=378l7oymrk0000001755848067017&qH=32e27b1148959538,"Mercury-11 Black Sports,Gym,Walking,Training,Stylish Running Shoes For Women",asian ,832,0.2,4.2,93678
https://www.flipkart.com/fabbmate-trendy-memory-foam-walking-slip-sneakers-women/p/itmd921f7c68f2d9?pid=SHOHEPJRMHG3RGHZ&lid=LSTSHOHEPJRMHG3RGHZHCF2AC&marketplace=FLIPKART&q=sports+shoes+for+women&store=osp%2Fiko%2Fd20&srno=s_3_97&otracker=search&otracker1=search&fm=Search&iid=en_cICWouCsfCkpMkldzQ7qGHyMa6iompafmFbzic046PG16eEzXnnuK4VgQCbLMYIBOLTlVQFyo4qQE6LxGzAazw%3D%3D&ppt=sp&ppn=sp&ssid=378l7oymrk0000001755848067017&qH=32e27b1148959538,Fabbmate Trendy Memory Foam Walking Slip On Sneakers For Women,Fabbmate ,398,0.5,4.2,179
https://www.flipkart.com/action-kia-401-lightweight-comfortable-ulta-comfort-running-shoes-women/p/itm90cc51c9619c6?pid=SHOGZXH8AUG6QGBC&lid=LSTSHOGZXH8AUG6QGBCPL73GF&marketplace=FLIPKART&q=sports+shoes+for+women&store=osp%2Fiko%2Fd20&srno=s_3_98&otracker=search&otracker1=search&fm=Search&iid=en_cICWouCsfCkpMkldzQ7qGHyMa6iompafmFbzic046PHzwvNW_Xh2DCw_TvJIrUKZFJFRNeGlCaz0k4GVUwCIvw%3D%3D&ppt=sp&ppn=sp&ssid=378l7oymrk0000001755848067017&qH=32e27b1148959538,KIA 401 Lightweight Comfortable Ulta-Comfort Running Shoes For Women,action ,899,0.64,4,144
https://www.flipkart.com/bersache-premium-sports-gym-trending-stylish-running-shoes-women/p/itm53e96546dba36?pid=SHOHFC8WY6CHRA5V&lid=LSTSHOHFC8WY6CHRA5VHKONSB&marketplace=FLIPKART&q=sports+shoes+for+women&store=osp%2Fiko%2Fd20&srno=s_3_101&otracker=search&otracker1=search&fm=Search&iid=en_cICWouCsfCkpMkldzQ7qGHyMa6iompafmFbzic046PGpiwgGx_JLhCUCq5SNQA8ST8ABc5CSftu96a_pIIyCG33Gaq_wzx4HJysDmGalzMk%3D&ppt=sp&ppn=sp&ssid=378l7oymrk0000001755848067017&qH=32e27b1148959538,"Bersache Premium Sports ,Gym, Trending Stylish Running Shoes For Women",BERSACHE ,809,0.83,3.9,345
https://www.flipkart.com/bersache-premium-sports-walking-running-shoes-women-s-girls-women/p/itm9c882ec9ad721?pid=SHOH3XTHZNC5ZEP9&lid=LSTSHOH3XTHZNC5ZEP9GWQQR9&marketplace=FLIPKART&q=sports+shoes+for+women&store=osp%2Fiko%2Fd20&srno=s_3_102&otracker=search&otracker1=search&fm=Search&iid=en_cICWouCsfCkpMkldzQ7qGHyMa6iompafmFbzic046PGIm024D97fsvRnDiXxAQ714fGflmw8sZ1ueZNNEIvaJmaRs4JL222ZRV-dN99QnxU%3D&ppt=sp&ppn=sp&ssid=378l7oymrk0000001755848067017&qH=32e27b1148959538,"Bersache Premium Sports ,walking Running Shoes For Women's /Girls Running Shoes For Women",BERSACHE ,722,0.63,3.8,169
https://www.flipkart.com/campus-claire-women-s-sports-shoes-memory-foam-insole-cushioned-comfort-lace-up-running-women/p/itm1132567480963?pid=SHOFW9EZA4Z6AD4P&lid=LSTSHOFW9EZA4Z6AD4PN92E2G&marketplace=FLIPKART&q=sports+shoes+for+women&store=osp%2Fiko%2Fd20&srno=s_3_103&otracker=search&otracker1=search&fm=Search&iid=e2401d92-5ce1-4ce3-bb96-50a4aace99da.SHOFW9EZA4Z6AD4P.SEARCH&ppt=sp&ppn=sp&ssid=378l7oymrk0000001755848067017&qH=32e27b1148959538,CLAIRE Women's Sports Shoes | Memory Foam Insole for Cushioned Comfort | Lace-Up Running Shoes For Women,CAMPUS ,1116,0.2,4.3,44509
https://www.flipkart.com/bersache-premium-sports-gym-trending-stylish-running-shoes-women/p/itme1969966c17b7?pid=SHOHF5UYHHYCGZUW&lid=LSTSHOHF5UYHHYCGZUWF2TUZ6&marketplace=FLIPKART&q=sports+shoes+for+women&store=osp%2Fiko%2Fd20&srno=s_3_107&otracker=search&otracker1=search&fm=Search&iid=en_cICWouCsfCkpMkldzQ7qGHyMa6iompafmFbzic046PEuIzHHOVUX2ci5jpzgfUIheiV8CEFzrD_O4iIyHoSaj68iqbiwhGf4dwbXVx7ZSks%3D&ppt=sp&ppn=sp&ssid=378l7oymrk0000001755848067017&qH=32e27b1148959538,"Bersache Premium Sports ,Gym, Trending Stylish Running Shoes Running Shoes For Women",BERSACHE ,853,0.82,4,176
https://www.flipkart.com/aqualite-comfortable-slip-on-walking-shoes-women-lace-free-footwear/p/itmaf3b792b547ec?pid=SHOH3QZHPRHCZGDX&lid=LSTSHOH3QZHPRHCZGDX7KHB5B&marketplace=FLIPKART&q=sports+shoes+for+women&store=osp%2Fiko%2Fd20&srno=s_3_108&otracker=search&otracker1=search&fm=Search&iid=en_cICWouCsfCkpMkldzQ7qGHyMa6iompafmFbzic046PEYVZce5HanrWtrx_WnrG6x8QMq41PfYkXDT1IC2EX0-PKSJvID5C-RdFfAlzwDiqI%3D&ppt=sp&ppn=sp&ssid=378l7oymrk0000001755848067017&qH=32e27b1148959538,Comfortable Slip-On Walking Shoes for Women | Lace-Free Footwear Walking Shoes For Women,Aqualite ,599,0.07,4,2497
https://www.flipkart.com/k-footlance-walking-shoes-women/p/itm276e3f6029773?pid=SHOGH4FGDJ7MSRAW&lid=LSTSHOGH4FGDJ7MSRAWNSOWGR&marketplace=FLIPKART&q=sports+shoes+for+women&store=osp%2Fiko%2Fd20&srno=s_3_111&otracker=search&otracker1=search&fm=Search&iid=en_cICWouCsfCkpMkldzQ7qGHyMa6iompafmFbzic046PHnNbUal3EV1lpE3idQr_fUtk-tOXhi6axgv_z2TM2OUg%3D%3D&ppt=sp&ppn=sp&ssid=378l7oymrk0000001755848067017&qH=32e27b1148959538,Walking Shoes For Women,K' Footlance ,386,0.61,3.9,12392
https://www.flipkart.com/sparx-sl-233-outdoors-women/p/itme475f4c4581fa?pid=SHOGPWHUFRFKUHCF&lid=LSTSHOGPWHUFRFKUHCF0AOCFW&marketplace=FLIPKART&q=sports+shoes+for+women&store=osp%2Fiko%2Fd20&srno=s_3_112&otracker=search&otracker1=search&fm=Search&iid=en_cICWouCsfCkpMkldzQ7qGHyMa6iompafmFbzic046PHY8vHLoucBeevjAe356_BFkaQPKU9TBVGM9xhUoaZsDYE8waCTrWcncKeK_ydPfoM%3D&ppt=sp&ppn=sp&ssid=378l7oymrk0000001755848067017&qH=32e27b1148959538,SL 233 Outdoors For Women,Sparx ,849,0.15,4.2,124
https://www.flipkart.com/skitter-stylish-light-weight-sports-shoes-women-walking/p/itmda09243d51956?pid=SHOHASKN4FEYDZFR&lid=LSTSHOHASKN4FEYDZFRCGYIIM&marketplace=FLIPKART&q=sports+shoes+for+women&store=osp%2Fiko%2Fd20&srno=s_3_117&otracker=search&otracker1=search&fm=Search&iid=en_cICWouCsfCkpMkldzQ7qGHyMa6iompafmFbzic046PE52kYTws-eJE1MIzOXaGUs8o--6P1zR4NAMh6BXs3teg%3D%3D&ppt=sp&ppn=sp&ssid=378l7oymrk0000001755848067017&qH=32e27b1148959538,SKITTER STYLISH LIGHT WEIGHT SPORTS SHOES FOR WOMEN Walking Shoes For Women,SKITTER ,499,0.73,4,15
https://www.flipkart.com/asics-trail-scout-3-running-shoes-women/p/itm9edcb912101fc?pid=SHOHFT66ZTG9MNGB&lid=LSTSHOHFT66ZTG9MNGBOS6MHY&marketplace=FLIPKART&q=sports+shoes+for+women&store=osp%2Fiko%2Fd20&srno=s_3_120&otracker=search&otracker1=search&fm=Search&iid=e2401d92-5ce1-4ce3-bb96-50a4aace99da.SHOHFT66ZTG9MNGB.SEARCH&ppt=sp&ppn=sp&ssid=378l7oymrk0000001755848067017&qH=32e27b1148959538,TRAIL SCOUT 3 Running Shoes For Women,Asics ,2695,0.5,4.3,298
https://www.flipkart.com/k-footlance-stylish-walking-partywear-sneakers-casual-shoes-women/p/itm9092b85991653?pid=SHOGJ2W89XZEDHUZ&lid=LSTSHOGJ2W89XZEDHUZC5ESAV&marketplace=FLIPKART&q=sports+shoes+for+women&store=osp%2Fiko%2Fd20&srno=s_4_121&otracker=search&otracker1=search&fm=Search&iid=en_aF9LmuOwyeuyuhZb4pVgWJCuCK3ibDwnfrNkzNl0r6Jl1OmQcqlWi3h7_hjful_YH95oWs5JDxMFICS8--jVrg%3D%3D&ppt=sp&ppn=sp&ssid=knafoxjv740000001755848070750&qH=32e27b1148959538,Stylish Walking Partywear Sneakers Casual Shoes Walking Shoes For Women,K' Footlance ,397,0.6,3.9,12392
https://www.flipkart.com/k-footlance-stylish-walking-partywear-sneakers-casual-shoes-women/p/itm8a182ef37e4be?pid=SHOGJ2W8HZZUSDSW&lid=LSTSHOGJ2W8HZZUSDSW62WIKJ&marketplace=FLIPKART&q=sports+shoes+for+women&store=osp%2Fiko%2Fd20&srno=s_4_122&otracker=search&otracker1=search&fm=Search&iid=en_aF9LmuOwyeuyuhZb4pVgWJCuCK3ibDwnfrNkzNl0r6JB3s8hiu53I3UxikHvCVWPQInxY9okCElxQCWX4DGyJQ%3D%3D&ppt=sp&ppn=sp&ssid=knafoxjv740000001755848070750&qH=32e27b1148959538,Stylish Walking Partywear Sneakers Casual Shoes Walking Shoes For Women,K' Footlance ,336,0.66,3.9,12392
https://www.flipkart.com/dnd-dhoes-party-wear-women/p/itma3269c0a11c59?pid=SHOHD9CJVDQTGXTC&lid=LSTSHOHD9CJVDQTGXTC5ITCIH&marketplace=FLIPKART&q=sports+shoes+for+women&store=osp%2Fiko%2Fd20&srno=s_4_124&otracker=search&otracker1=search&fm=Search&iid=e1d4dd88-871a-4b84-86c2-d1cc32f7fbb0.SHOHD9CJVDQTGXTC.SEARCH&ppt=sp&ppn=sp&ssid=knafoxjv740000001755848070750&qH=32e27b1148959538,DND Dhoes Party Wear For Women,DND ,379,0.81,,
https://www.flipkart.com/red-tape-womens-walking-slipon-shoes-everyday-comfort-motion-women/p/itm9436ba675cfbb?pid=SHOHE2FHXKQD7TSU&lid=LSTSHOHE2FHXKQD7TSUPVNMIM&marketplace=FLIPKART&q=sports+shoes+for+women&store=osp%2Fiko%2Fd20&srno=s_4_125&otracker=search&otracker1=search&fm=Search&iid=e1d4dd88-871a-4b84-86c2-d1cc32f7fbb0.SHOHE2FHXKQD7TSU.SEARCH&ppt=sp&ppn=sp&ssid=knafoxjv740000001755848070750&qH=32e27b1148959538,Womenâ€™s Walking Slipon Shoes for Everyday Comfort and Motion Walking Shoes For Women,RED TAPE ,1949,0.7,,
https://www.flipkart.com/hrx-hrithik-roshan-059-01-running-shoes-women/p/itm26b8d4a377133?pid=SHOGRENUHF44HHKH&lid=LSTSHOGRENUHF44HHKHU0INJA&marketplace=FLIPKART&q=sports+shoes+for+women&store=osp%2Fiko%2Fd20&srno=s_4_127&otracker=search&otracker1=search&fm=Search&iid=en_aF9LmuOwyeuyuhZb4pVgWJCuCK3ibDwnfrNkzNl0r6LYtjShqSkutP6Zoc2kzr4w5QhVDC0LAktpZjoFXqdmsQ%3D%3D&ppt=sp&ppn=sp&ssid=knafoxjv740000001755848070750&qH=32e27b1148959538,-059 01 Running Shoes For Women,HRX by Hrithik Roshan ,1299,0.65,4.2,2470
https://www.flipkart.com/blinder-women-s-girls-trendy-lightweight-comfortable-casual-wear-lace-up-shoes-running-women/p/itma7021f26b33cf?pid=SHOFY3CN3SXPZGHK&lid=LSTSHOFY3CN3SXPZGHKSTJTE1&marketplace=FLIPKART&q=sports+shoes+for+women&store=osp%2Fiko%2Fd20&srno=s_4_128&otracker=search&otracker1=search&fm=Search&iid=en_aF9LmuOwyeuyuhZb4pVgWJCuCK3ibDwnfrNkzNl0r6JwCuGroHLd9zVmpVnA3HX7tqlnU3fKftlwXr80ehvrXg%3D%3D&ppt=sp&ppn=sp&ssid=knafoxjv740000001755848070750&qH=32e27b1148959538,Women's | Girls Trendy Lightweight Comfortable Casual wear Lace-Up Shoes Running Shoes For Women,BLINDER ,584,0.41,4,2508
https://www.flipkart.com/campus-alice-women-s-sports-shoes-mesh-upper-anti-slip-sole-design-lace-up-running-women/p/itm3f242fd24c96b?pid=SHOFXNU8ZZPWSMGD&lid=LSTSHOFXNU8ZZPWSMGD3UBAFJ&marketplace=FLIPKART&q=sports+shoes+for+women&store=osp%2Fiko%2Fd20&srno=s_4_130&otracker=search&otracker1=search&fm=Search&iid=e1d4dd88-871a-4b84-86c2-d1cc32f7fbb0.SHOFXNU8ZZPWSMGD.SEARCH&ppt=sp&ppn=sp&ssid=knafoxjv740000001755848070750&qH=32e27b1148959538,ALICE Women's Sports Shoes | Mesh Upper with Anti Slip Sole Design | Lace-Up Running Shoes For Women,CAMPUS ,1032,0.26,4.3,33289
https://www.flipkart.com/k-footlance-stylish-walking-partywear-sneakers-casual-shoes-women/p/itm0d77730e70a9b?pid=SHOGJ2W8QVCZUSYW&lid=LSTSHOGJ2W8QVCZUSYWFI0KZL&marketplace=FLIPKART&q=sports+shoes+for+women&store=osp%2Fiko%2Fd20&srno=s_4_131&otracker=search&otracker1=search&fm=Search&iid=en_aF9LmuOwyeuyuhZb4pVgWJCuCK3ibDwnfrNkzNl0r6KAcYdPKUZzhVSrJTZXiqIh4lkdf_iboj4ofvvqRSlx_Q%3D%3D&ppt=sp&ppn=sp&ssid=knafoxjv740000001755848070750&qH=32e27b1148959538,Stylish Walking Partywear Sneakers Casual Shoes Walking Shoes For Women,K' Footlance ,397,0.6,3.9,12392
https://www.flipkart.com/asian-mercury-11-black-sports-gym-walking-training-stylish-running-shoes-women/p/itmd6332e857f3ab?pid=SHOGPFGZGHRRHDYQ&lid=LSTSHOGPFGZGHRRHDYQ3ZBDPJ&marketplace=FLIPKART&q=sports+shoes+for+women&store=osp%2Fiko%2Fd20&srno=s_4_132&otracker=search&otracker1=search&fm=Search&iid=en_aF9LmuOwyeuyuhZb4pVgWJCuCK3ibDwnfrNkzNl0r6LVrmHpglM_WcjlyPJ_e17L112_r9xiybP_uxc2Utuj7_UFjCTyOHoHZs-Z5_PS_w0%3D&ppt=sp&ppn=sp&ssid=knafoxjv740000001755848070750&qH=32e27b1148959538,"Mercury-11 Black Sports,Gym,Walking,Training,Stylish Running Shoes For Women",asian ,832,0.2,4.2,93678
https://www.flipkart.com/campus-boond-running-shoes-women/p/itmdfd6f98c927c0?pid=SHOGNQ9GWUKERGHA&lid=LSTSHOGNQ9GWUKERGHAAHUQNY&marketplace=FLIPKART&q=sports+shoes+for+women&store=osp%2Fiko%2Fd20&srno=s_4_134&otracker=search&otracker1=search&fm=Search&iid=e1d4dd88-871a-4b84-86c2-d1cc32f7fbb0.SHOGNQ9GWUKERGHA.SEARCH&ppt=sp&ppn=sp&ssid=knafoxjv740000001755848070750&qH=32e27b1148959538,BOOND Running Shoes For Women,CAMPUS ,1054,0.41,4.5,360
https://www.flipkart.com/trenz-lightweight-eva-sole-casual-slip-on-shoes-walking-women/p/itme37ae58bceb17?pid=SHOHEZRWW9FUAHH7&lid=LSTSHOHEZRWW9FUAHH7BWZJ2V&marketplace=FLIPKART&q=sports+shoes+for+women&store=osp%2Fiko%2Fd20&srno=s_4_135&otracker=search&otracker1=search&fm=Search&iid=e1d4dd88-871a-4b84-86c2-d1cc32f7fbb0.SHOHEZRWW9FUAHH7.SEARCH&ppt=sp&ppn=sp&ssid=knafoxjv740000001755848070750&qH=32e27b1148959538,"Lightweight EVA Sole, Casual Slip-On Shoes Walking Shoes For Women",Trenz ,1799,,,
https://www.flipkart.com/fabbmate-trendy-without-laces-sports-shoes-women-s-running-walking-daily-wear-walking-women/p/itm2abb293b0c34e?pid=SHOHCJS5MCJZZ9CZ&lid=LSTSHOHCJS5MCJZZ9CZX9C5GI&marketplace=FLIPKART&q=sports+shoes+for+women&store=osp%2Fiko%2Fd20&srno=s_4_137&otracker=search&otracker1=search&fm=Search&iid=en_aF9LmuOwyeuyuhZb4pVgWJCuCK3ibDwnfrNkzNl0r6JT2weCdga49fsuHETuOHPXAYMeI4Hr1MWT7j3vr67QQw%3D%3D&ppt=sp&ppn=sp&ssid=knafoxjv740000001755848070750&qH=32e27b1148959538,"Trendy Without Laces Sports Shoes for Women's Running, Walking,Daily Wear Walking Shoes For Women",Fabbmate ,363,0.48,4.1,12830
https://www.flipkart.com/fabbmate-casuals-women/p/itm83ad4f4d7a4c0?pid=SHOG7FGFFBUC7TAH&lid=LSTSHOG7FGFFBUC7TAHRHAJ5A&marketplace=FLIPKART&q=sports+shoes+for+women&store=osp%2Fiko%2Fd20&srno=s_4_138&otracker=search&otracker1=search&fm=Search&iid=en_aF9LmuOwyeuyuhZb4pVgWJCuCK3ibDwnfrNkzNl0r6Jg4zgDJZdvPDbdWgEE2nMrqdxIeorKBsygZzBv1Cs-kQ%3D%3D&ppt=sp&ppn=sp&ssid=knafoxjv740000001755848070750&qH=32e27b1148959538,Casuals For Women,Fabbmate ,358,0.55,4.1,15857
https://www.flipkart.com/dnd-dhoes-party-wear-women/p/itmea84526d527b9?pid=SHOHD9CJAGV75USZ&lid=LSTSHOHD9CJAGV75USZYKK890&marketplace=FLIPKART&q=sports+shoes+for+women&store=osp%2Fiko%2Fd20&srno=s_4_140&otracker=search&otracker1=search&fm=Search&iid=e1d4dd88-871a-4b84-86c2-d1cc32f7fbb0.SHOHD9CJAGV75USZ.SEARCH&ppt=sp&ppn=sp&ssid=knafoxjv740000001755848070750&qH=32e27b1148959538,DND Dhoes Party Wear For Women,DND ,379,0.81,,
https://www.flipkart.com/roadster-sneakers-women/p/itm1f118ecbd72ef?pid=SHOGRNN6CMVWVJW7&lid=LSTSHOGRNN6CMVWVJW73XT7I2&marketplace=FLIPKART&q=sports+shoes+for+women&store=osp%2Fiko%2Fd20&srno=s_4_143&otracker=search&otracker1=search&fm=Search&iid=e1d4dd88-871a-4b84-86c2-d1cc32f7fbb0.SHOGRNN6CMVWVJW7.SEARCH&ppt=sp&ppn=sp&ssid=knafoxjv740000001755848070750&qH=32e27b1148959538,Sneakers For Women,Roadster ,799,0.8,3.8,8366
https://www.flipkart.com/puma-essex-comfort-wn-s-walking-shoes-women/p/itm8497c1801a24b?pid=SHOGH3GNRPATYF6N&lid=LSTSHOGH3GNRPATYF6NEGGVIM&marketplace=FLIPKART&q=sports+shoes+for+women&store=osp%2Fiko%2Fd20&srno=s_4_144&otracker=search&otracker1=search&fm=Search&iid=e1d4dd88-871a-4b84-86c2-d1cc32f7fbb0.SHOGH3GNRPATYF6N.SEARCH&ppt=sp&ppn=sp&ssid=knafoxjv740000001755848070750&qH=32e27b1148959538,Essex Comfort Wn s Walking Shoes For Women,PUMA ,1421,0.47,4.3,3800
https://www.flipkart.com/fabbmate-trendy-memory-foam-walking-slip-sneakers-women/p/itmd921f7c68f2d9?pid=SHOHEPJRMHG3RGHZ&lid=LSTSHOHEPJRMHG3RGHZHCF2AC&marketplace=FLIPKART&q=sports+shoes+for+women&store=osp%2Fiko%2Fd20&srno=s_4_147&otracker=search&otracker1=search&fm=Search&iid=en_aF9LmuOwyeuyuhZb4pVgWJCuCK3ibDwnfrNkzNl0r6JWyD_PBhHtZynZQXbX3TJeOLTlVQFyo4qQE6LxGzAazw%3D%3D&ppt=sp&ppn=sp&ssid=knafoxjv740000001755848070750&qH=32e27b1148959538,Fabbmate Trendy Memory Foam Walking Slip On Sneakers For Women,Fabbmate ,398,0.5,4.2,179
https://www.flipkart.com/bersache-premium-sports-gym-trending-stylish-running-shoes-women/p/itm53e96546dba36?pid=SHOHFC8WY6CHRA5V&lid=LSTSHOHFC8WY6CHRA5VHKONSB&marketplace=FLIPKART&q=sports+shoes+for+women&store=osp%2Fiko%2Fd20&srno=s_4_148&otracker=search&otracker1=search&fm=Search&iid=en_aF9LmuOwyeuyuhZb4pVgWJCuCK3ibDwnfrNkzNl0r6Ii34TIF_W6IJki9APdiZ9tT8ABc5CSftu96a_pIIyCGxhTy0lUJ14SzoMSv_CzLF0%3D&ppt=sp&ppn=sp&ssid=knafoxjv740000001755848070750&qH=32e27b1148959538,"Bersache Premium Sports ,Gym, Trending Stylish Running Shoes For Women",BERSACHE ,809,0.83,3.9,345
https://www.flipkart.com/action-kia-401-lightweight-comfortable-ulta-comfort-running-shoes-women/p/itm90cc51c9619c6?pid=SHOGZXH8AUG6QGBC&lid=LSTSHOGZXH8AUG6QGBCPL73GF&marketplace=FLIPKART&q=sports+shoes+for+women&store=osp%2Fiko%2Fd20&srno=s_4_151&otracker=search&otracker1=search&fm=Search&iid=en_aF9LmuOwyeuyuhZb4pVgWJCuCK3ibDwnfrNkzNl0r6LC48UMeoGUesZi-NRYb5WAgyLZTApUrIQj3uwVMdE5gQ%3D%3D&ppt=sp&ppn=sp&ssid=knafoxjv740000001755848070750&qH=32e27b1148959538,KIA 401 Lightweight Comfortable Ulta-Comfort Running Shoes For Women,action ,899,0.64,4,144
https://www.flipkart.com/bersache-premium-sports-walking-running-shoes-women-s-girls-women/p/itm9c882ec9ad721?pid=SHOH3XTHZNC5ZEP9&lid=LSTSHOH3XTHZNC5ZEP9GWQQR9&marketplace=FLIPKART&q=sports+shoes+for+women&store=osp%2Fiko%2Fd20&srno=s_4_152&otracker=search&otracker1=search&fm=Search&iid=en_aF9LmuOwyeuyuhZb4pVgWJCuCK3ibDwnfrNkzNl0r6JfXhdjsqLd7SyFgThLnFePvgCaPbBwCv-T7Is00jwLsGaRs4JL222ZRV-dN99QnxU%3D&ppt=sp&ppn=sp&ssid=knafoxjv740000001755848070750&qH=32e27b1148959538,"Bersache Premium Sports ,walking Running Shoes For Women's /Girls Running Shoes For Women",BERSACHE ,722,0.63,3.8,169
https://www.flipkart.com/bersache-premium-sports-gym-trending-stylish-running-shoes-women/p/itm6b05875c10b47?pid=SHOHYP7HSKVQHCM7&lid=LSTSHOHYP7HSKVQHCM70CGBZU&marketplace=FLIPKART&q=sports+shoes+for+women&store=osp%2Fiko%2Fd20&srno=s_4_153&otracker=search&otracker1=search&fm=Search&iid=e1d4dd88-871a-4b84-86c2-d1cc32f7fbb0.SHOHYP7HSKVQHCM7.SEARCH&ppt=sp&ppn=sp&ssid=knafoxjv740000001755848070750&qH=32e27b1148959538,"Bersache Premium Sports ,Gym, Trending Stylish Running Shoes Running Shoes For Women",BERSACHE ,748,0.85,3.9,713
https://www.flipkart.com/bersache-premium-sports-gym-trending-stylish-running-shoes-women/p/itme1969966c17b7?pid=SHOHF5UYHHYCGZUW&lid=LSTSHOHF5UYHHYCGZUWF2TUZ6&marketplace=FLIPKART&q=sports+shoes+for+women&store=osp%2Fiko%2Fd20&srno=s_4_157&otracker=search&otracker1=search&fm=Search&iid=en_aF9LmuOwyeuyuhZb4pVgWJCuCK3ibDwnfrNkzNl0r6KhsOjC8SSc4DK2T3EK3p_BhWlqxLNnPPbwVemLGx6Bo68iqbiwhGf4dwbXVx7ZSks%3D&ppt=sp&ppn=sp&ssid=knafoxjv740000001755848070750&qH=32e27b1148959538,"Bersache Premium Sports ,Gym, Trending Stylish Running Shoes Running Shoes For Women",BERSACHE ,853,0.82,4,176
https://www.flipkart.com/aqualite-comfortable-slip-on-walking-shoes-women-lace-free-footwear/p/itmaf3b792b547ec?pid=SHOH3QZHPRHCZGDX&lid=LSTSHOH3QZHPRHCZGDX7KHB5B&marketplace=FLIPKART&q=sports+shoes+for+women&store=osp%2Fiko%2Fd20&srno=s_4_158&otracker=search&otracker1=search&fm=Search&iid=en_aF9LmuOwyeuyuhZb4pVgWJCuCK3ibDwnfrNkzNl0r6JuQBFDA5DEhRhiH-DcQwp68QMq41PfYkXDT1IC2EX0-PKSJvID5C-RdFfAlzwDiqI%3D&ppt=sp&ppn=sp&ssid=knafoxjv740000001755848070750&qH=32e27b1148959538,Comfortable Slip-On Walking Shoes for Women | Lace-Free Footwear Walking Shoes For Women,Aqualite ,599,0.07,4,2497
https://www.flipkart.com/k-footlance-stylish-walking-partywear-sneakers-casual-shoes-women/p/itm9092b85991653?pid=SHOGJ2W89XZEDHUZ&lid=LSTSHOGJ2W89XZEDHUZC5ESAV&marketplace=FLIPKART&q=sports+shoes+for+women&store=osp%2Fiko%2Fd20&srno=s_5_161&otracker=search&otracker1=search&fm=Search&iid=en_tHGEVkznksucTWDruPabh4Z3uh56YZRUyWd-soMoxzWUcYTItVnon5jP2PGEkwabH95oWs5JDxMFICS8--jVrg%3D%3D&ppt=sp&ppn=sp&ssid=2kbdvjjark0000001755848074462&qH=32e27b1148959538,Stylish Walking Partywear Sneakers Casual Shoes Walking Shoes For Women,K' Footlance ,397,0.6,3.9,12392
https://www.flipkart.com/k-footlance-stylish-walking-partywear-sneakers-casual-shoes-women/p/itm8a182ef37e4be?pid=SHOGJ2W8HZZUSDSW&lid=LSTSHOGJ2W8HZZUSDSW62WIKJ&marketplace=FLIPKART&q=sports+shoes+for+women&store=osp%2Fiko%2Fd20&srno=s_5_162&otracker=search&otracker1=search&fm=Search&iid=en_tHGEVkznksucTWDruPabh4Z3uh56YZRUyWd-soMoxzUIHdl1MPGimG5b_Kwe0lAbQInxY9okCElxQCWX4DGyJQ%3D%3D&ppt=sp&ppn=sp&ssid=2kbdvjjark0000001755848074462&qH=32e27b1148959538,Stylish Walking Partywear Sneakers Casual Shoes Walking Shoes For Women,K' Footlance ,336,0.66,3.9,12392
https://www.flipkart.com/hrx-hrithik-roshan-147-03-running-shoes-women/p/itm5aeb9b2b71f80?pid=SHOGYGBJAJJKQYKH&lid=LSTSHOGYGBJAJJKQYKHJRCOZV&marketplace=FLIPKART&q=sports+shoes+for+women&store=osp%2Fiko%2Fd20&srno=s_5_163&otracker=search&otracker1=search&fm=Search&iid=2e002e6c-4073-44c1-b8cb-781749043bd2.SHOGYGBJAJJKQYKH.SEARCH&ppt=sp&ppn=sp&ssid=2kbdvjjark0000001755848074462&qH=32e27b1148959538,-147 03 Running Shoes For Women,HRX by Hrithik Roshan ,1299,0.67,4.2,599
https://www.flipkart.com/trenz-lightweight-casual-sneakers-men-synthetic-leather-eva-sole-walking-shoes-women/p/itm0099d9ae47575?pid=SHOHEYQR8B27K9XV&lid=LSTSHOHEYQR8B27K9XVRGERU3&marketplace=FLIPKART&q=sports+shoes+for+women&store=osp%2Fiko%2Fd20&srno=s_5_164&otracker=search&otracker1=search&fm=Search&iid=2e002e6c-4073-44c1-b8cb-781749043bd2.SHOHEYQR8B27K9XV.SEARCH&ppt=sp&ppn=sp&ssid=2kbdvjjark0000001755848074462&qH=32e27b1148959538,Lightweight Casual Sneakers for Men | Synthetic Leather | EVA Sole Walking Shoes For Women,Trenz ,1799,,,
https://www.flipkart.com/hrx-hrithik-roshan-059-01-running-shoes-women/p/itm26b8d4a377133?pid=SHOGRENUHF44HHKH&lid=LSTSHOGRENUHF44HHKHU0INJA&marketplace=FLIPKART&q=sports+shoes+for+women&store=osp%2Fiko%2Fd20&srno=s_5_167&otracker=search&otracker1=search&fm=Search&iid=en_tHGEVkznksucTWDruPabh4Z3uh56YZRUyWd-soMoxzXQ5-ToSOZa0TsjqgZ1Tzel5QhVDC0LAktpZjoFXqdmsQ%3D%3D&ppt=sp&ppn=sp&ssid=2kbdvjjark0000001755848074462&qH=32e27b1148959538,-059 01 Running Shoes For Women,HRX by Hrithik Roshan ,1299,0.65,4.2,2470
https://www.flipkart.com/blinder-women-s-girls-trendy-lightweight-comfortable-casual-wear-lace-up-shoes-running-women/p/itma7021f26b33cf?pid=SHOFY3CN3SXPZGHK&lid=LSTSHOFY3CN3SXPZGHKSTJTE1&marketplace=FLIPKART&q=sports+shoes+for+women&store=osp%2Fiko%2Fd20&srno=s_5_168&otracker=search&otracker1=search&fm=Search&iid=en_tHGEVkznksucTWDruPabh4Z3uh56YZRUyWd-soMoxzWb3tr-WPLuad1kLrQvyN7VtqlnU3fKftlwXr80ehvrXg%3D%3D&ppt=sp&ppn=sp&ssid=2kbdvjjark0000001755848074462&qH=32e27b1148959538,Women's | Girls Trendy Lightweight Comfortable Casual wear Lace-Up Shoes Running Shoes For Women,BLINDER ,584,0.41,4,2508
https://www.flipkart.com/k-footlance-stylish-walking-partywear-sneakers-casual-shoes-women/p/itm0d77730e70a9b?pid=SHOGJ2W8QVCZUSYW&lid=LSTSHOGJ2W8QVCZUSYWFI0KZL&marketplace=FLIPKART&q=sports+shoes+for+women&store=osp%2Fiko%2Fd20&srno=s_5_171&otracker=search&otracker1=search&fm=Search&iid=en_tHGEVkznksucTWDruPabh4Z3uh56YZRUyWd-soMoxzWcNOHwKYSXs54qvSeI2iwo4lkdf_iboj4ofvvqRSlx_Q%3D%3D&ppt=sp&ppn=sp&ssid=2kbdvjjark0000001755848074462&qH=32e27b1148959538,Stylish Walking Partywear Sneakers Casual Shoes Walking Shoes For Women,K' Footlance ,397,0.6,3.9,12392
https://www.flipkart.com/asian-mercury-11-black-sports-gym-walking-training-stylish-running-shoes-women/p/itmd6332e857f3ab?pid=SHOGPFGZGHRRHDYQ&lid=LSTSHOGPFGZGHRRHDYQ3ZBDPJ&marketplace=FLIPKART&q=sports+shoes+for+women&store=osp%2Fiko%2Fd20&srno=s_5_172&otracker=search&otracker1=search&fm=Search&iid=en_tHGEVkznksucTWDruPabh4Z3uh56YZRUyWd-soMoxzVaHbjFatMSGeNp95pWiLpZ112_r9xiybP_uxc2Utuj7_UFjCTyOHoHZs-Z5_PS_w0%3D&ppt=sp&ppn=sp&ssid=2kbdvjjark0000001755848074462&qH=32e27b1148959538,"Mercury-11 Black Sports,Gym,Walking,Training,Stylish Running Shoes For Women",asian ,832,0.2,4.2,93678
https://www.flipkart.com/trenz-shiv-nareshrunning-shoes-women-running/p/itm72d6d9ba08b45?pid=SHOHEYQRT6YJPQZY&lid=LSTSHOHEYQRT6YJPQZYBUMPLT&marketplace=FLIPKART&q=sports+shoes+for+women&store=osp%2Fiko%2Fd20&srno=s_5_175&otracker=search&otracker1=search&fm=Search&iid=2e002e6c-4073-44c1-b8cb-781749043bd2.SHOHEYQRT6YJPQZY.SEARCH&ppt=sp&ppn=sp&ssid=2kbdvjjark0000001755848074462&qH=32e27b1148959538,by Shiv NareshRunning Shoes For Women Running Shoes For Women,Trenz ,2199,,,
https://www.flipkart.com/fabbmate-trendy-memory-foam-walking-slip-sneakers-women/p/itmd921f7c68f2d9?pid=SHOHEPJRMHG3RGHZ&lid=LSTSHOHEPJRMHG3RGHZHCF2AC&marketplace=FLIPKART&q=sports+shoes+for+women&store=osp%2Fiko%2Fd20&srno=s_5_177&otracker=search&otracker1=search&fm=Search&iid=en_tHGEVkznksucTWDruPabh4Z3uh56YZRUyWd-soMoxzVhFdB2O8S7LTiwANJzf3ytOLTlVQFyo4qQE6LxGzAazw%3D%3D&ppt=sp&ppn=sp&ssid=2kbdvjjark0000001755848074462&qH=32e27b1148959538,Fabbmate Trendy Memory Foam Walking Slip On Sneakers For Women,Fabbmate ,398,0.5,4.2,179
https://www.flipkart.com/action-kia-401-lightweight-comfortable-ulta-comfort-running-shoes-women/p/itm90cc51c9619c6?pid=SHOGZXH8AUG6QGBC&lid=LSTSHOGZXH8AUG6QGBCPL73GF&marketplace=FLIPKART&q=sports+shoes+for+women&store=osp%2Fiko%2Fd20&srno=s_5_178&otracker=search&otracker1=search&fm=Search&iid=en_tHGEVkznksucTWDruPabh4Z3uh56YZRUyWd-soMoxzXHaSnt_tdG5CU3-mjNDJv7FJFRNeGlCaz0k4GVUwCIvw%3D%3D&ppt=sp&ppn=sp&ssid=2kbdvjjark0000001755848074462&qH=32e27b1148959538,KIA 401 Lightweight Comfortable Ulta-Comfort Running Shoes For Women,action ,899,0.64,4,144
https://www.flipkart.com/bersache-premium-sports-gym-trending-stylish-running-shoes-women/p/itm53e96546dba36?pid=SHOHFC8WY6CHRA5V&lid=LSTSHOHFC8WY6CHRA5VHKONSB&marketplace=FLIPKART&q=sports+shoes+for+women&store=osp%2Fiko%2Fd20&srno=s_5_181&otracker=search&otracker1=search&fm=Search&iid=en_tHGEVkznksucTWDruPabh4Z3uh56YZRUyWd-soMoxzV_rPIgpIIxT7MJgxsq9eTaT8ABc5CSftu96a_pIIyCG33Gaq_wzx4HJysDmGalzMk%3D&ppt=sp&ppn=sp&ssid=2kbdvjjark0000001755848074462&qH=32e27b1148959538,"Bersache Premium Sports ,Gym, Trending Stylish Running Shoes For Women",BERSACHE ,809,0.83,3.9,345
https://www.flipkart.com/bersache-premium-sports-walking-running-shoes-women-s-girls-women/p/itm9c882ec9ad721?pid=SHOH3XTHZNC5ZEP9&lid=LSTSHOH3XTHZNC5ZEP9GWQQR9&marketplace=FLIPKART&q=sports+shoes+for+women&store=osp%2Fiko%2Fd20&srno=s_5_182&otracker=search&otracker1=search&fm=Search&iid=en_tHGEVkznksucTWDruPabh4Z3uh56YZRUyWd-soMoxzVw2CYH_giLEiD0HEJKSHk8vgCaPbBwCv-T7Is00jwLsGaRs4JL222ZRV-dN99QnxU%3D&ppt=sp&ppn=sp&ssid=2kbdvjjark0000001755848074462&qH=32e27b1148959538,"Bersache Premium Sports ,walking Running Shoes For Women's /Girls Running Shoes For Women",BERSACHE ,722,0.63,3.8,169
https://www.flipkart.com/campus-jessica-running-shoes-women/p/itm869a5319268bc?pid=SHOGCXQYTKEMXSTC&lid=LSTSHOGCXQYTKEMXSTC3G8XKE&marketplace=FLIPKART&q=sports+shoes+for+women&store=osp%2Fiko%2Fd20&srno=s_5_186&otracker=search&otracker1=search&fm=Search&iid=2e002e6c-4073-44c1-b8cb-781749043bd2.SHOGCXQYTKEMXSTC.SEARCH&ppt=sp&ppn=sp&ssid=2kbdvjjark0000001755848074462&qH=32e27b1148959538,JESSICA Running Shoes For Women,CAMPUS ,1007,0.1,4.2,9980
https://www.flipkart.com/bersache-premium-sports-gym-trending-stylish-running-shoes-women/p/itme1969966c17b7?pid=SHOHF5UYHHYCGZUW&lid=LSTSHOHF5UYHHYCGZUWF2TUZ6&marketplace=FLIPKART&q=sports+shoes+for+women&store=osp%2Fiko%2Fd20&srno=s_5_187&otracker=search&otracker1=search&fm=Search&iid=en_tHGEVkznksucTWDruPabh4Z3uh56YZRUyWd-soMoxzXVgJke5q2wjvLCKzl_cqTfeiV8CEFzrD_O4iIyHoSaj68iqbiwhGf4dwbXVx7ZSks%3D&ppt=sp&ppn=sp&ssid=2kbdvjjark0000001755848074462&qH=32e27b1148959538,"Bersache Premium Sports ,Gym, Trending Stylish Running Shoes Running Shoes For Women",BERSACHE ,853,0.82,4,176
https://www.flipkart.com/aqualite-comfortable-slip-on-walking-shoes-women-lace-free-footwear/p/itmaf3b792b547ec?pid=SHOH3QZHPRHCZGDX&lid=LSTSHOH3QZHPRHCZGDX7KHB5B&marketplace=FLIPKART&q=sports+shoes+for+women&store=osp%2Fiko%2Fd20&srno=s_5_188&otracker=search&otracker1=search&fm=Search&iid=en_tHGEVkznksucTWDruPabh4Z3uh56YZRUyWd-soMoxzUI5EgZOR6wGRlLGrhSVa4Q8QMq41PfYkXDT1IC2EX0-PKSJvID5C-RdFfAlzwDiqI%3D&ppt=sp&ppn=sp&ssid=2kbdvjjark0000001755848074462&qH=32e27b1148959538,Comfortable Slip-On Walking Shoes for Women | Lace-Free Footwear Walking Shoes For Women,Aqualite ,599,0.07,4,2497
https://www.flipkart.com/sparx-sl-244-running-shoes-women/p/itmb9b81ff863bf5?pid=SHOGVQCUYHK9VHM8&lid=LSTSHOGVQCUYHK9VHM8EHITYL&marketplace=FLIPKART&q=sports+shoes+for+women&store=osp%2Fiko%2Fd20&srno=s_5_189&otracker=search&otracker1=search&fm=Search&iid=2e002e6c-4073-44c1-b8cb-781749043bd2.SHOGVQCUYHK9VHM8.SEARCH&ppt=sp&ppn=sp&ssid=2kbdvjjark0000001755848074462&qH=32e27b1148959538,SL 244 Running Shoes For Women,Sparx ,750,0.49,4.3,314
https://www.flipkart.com/k-footlance-walking-shoes-women/p/itm276e3f6029773?pid=SHOGH4FGDJ7MSRAW&lid=LSTSHOGH4FGDJ7MSRAWNSOWGR&marketplace=FLIPKART&q=sports+shoes+for+women&store=osp%2Fiko%2Fd20&srno=s_5_191&otracker=search&otracker1=search&fm=Search&iid=en_tHGEVkznksucTWDruPabh4Z3uh56YZRUyWd-soMoxzVcf7T3flCa-2_YxR5-29Witk-tOXhi6axgv_z2TM2OUg%3D%3D&ppt=sp&ppn=sp&ssid=2kbdvjjark0000001755848074462&qH=32e27b1148959538,Walking Shoes For Women,K' Footlance ,386,0.61,3.9,12392
https://www.flipkart.com/sparx-sl-233-outdoors-women/p/itme475f4c4581fa?pid=SHOGPWHUFRFKUHCF&lid=LSTSHOGPWHUFRFKUHCF0AOCFW&marketplace=FLIPKART&q=sports+shoes+for+women&store=osp%2Fiko%2Fd20&srno=s_5_192&otracker=search&otracker1=search&fm=Search&iid=en_tHGEVkznksucTWDruPabh4Z3uh56YZRUyWd-soMoxzX3q1aRef73y9n8MbHx7oVckaQPKU9TBVGM9xhUoaZsDYE8waCTrWcncKeK_ydPfoM%3D&ppt=sp&ppn=sp&ssid=2kbdvjjark0000001755848074462&qH=32e27b1148959538,SL 233 Outdoors For Women,Sparx ,849,0.15,4.2,124
https://www.flipkart.com/sparx-sl-244-running-shoes-women/p/itm64074844ac0b6?pid=SHOGVQCUGMQ4WQFJ&lid=LSTSHOGVQCUGMQ4WQFJPSCTXP&marketplace=FLIPKART&q=sports+shoes+for+women&store=osp%2Fiko%2Fd20&srno=s_5_195&otracker=search&otracker1=search&fm=Search&iid=2e002e6c-4073-44c1-b8cb-781749043bd2.SHOGVQCUGMQ4WQFJ.SEARCH&ppt=sp&ppn=sp&ssid=2kbdvjjark0000001755848074462&qH=32e27b1148959538,SL 244 Running Shoes For Women,Sparx ,1199,0.2,4.3,314
https://www.flipkart.com/roadster-sneakers-women/p/itm0291815971768?pid=SHOGRNN629HKSY5Z&lid=LSTSHOGRNN629HKSY5ZDSCIVU&marketplace=FLIPKART&q=sports+shoes+for+women&store=osp%2Fiko%2Fd20&srno=s_5_196&otracker=search&otracker1=search&fm=Search&iid=2e002e6c-4073-44c1-b8cb-781749043bd2.SHOGRNN629HKSY5Z.SEARCH&ppt=sp&ppn=sp&ssid=2kbdvjjark0000001755848074462&qH=32e27b1148959538,Sneakers For Women,Roadster ,799,0.8,3.8,8366
https://www.flipkart.com/skitter-stylish-light-weight-sports-shoes-women-walking/p/itmda09243d51956?pid=SHOHASKN4FEYDZFR&lid=LSTSHOHASKN4FEYDZFRCGYIIM&marketplace=FLIPKART&q=sports+shoes+for+women&store=osp%2Fiko%2Fd20&srno=s_5_197&otracker=search&otracker1=search&fm=Search&iid=en_tHGEVkznksucTWDruPabh4Z3uh56YZRUyWd-soMoxzWqURdhr76mV2phHdpgFIPq8o--6P1zR4NAMh6BXs3teg%3D%3D&ppt=sp&ppn=sp&ssid=2kbdvjjark0000001755848074462&qH=32e27b1148959538,SKITTER STYLISH LIGHT WEIGHT SPORTS SHOES FOR WOMEN Walking Shoes For Women,SKITTER ,499,0.73,4,15
https://www.flipkart.com/bersache-premium-sports-gym-trending-stylish-running-shoes-women/p/itm837088a7c5da5?pid=SHOHYP7G6URPBZBZ&lid=LSTSHOHYP7G6URPBZBZ8OSDED&marketplace=FLIPKART&q=sports+shoes+for+women&store=osp%2Fiko%2Fd20&srno=s_5_198&otracker=search&otracker1=search&fm=Search&iid=en_tHGEVkznksucTWDruPabh4Z3uh56YZRUyWd-soMoxzUrFiKk0D9AF1yKvNwzQjFpJFzhFKfSiog8HEvSgfPNkZ2-SIbIDZ6lLvgRS75Tj4w%3D&ppt=sp&ppn=sp&ssid=2kbdvjjark0000001755848074462&qH=32e27b1148959538,"Bersache Premium Sports ,Gym, Trending Stylish Running Shoes Running Shoes For Women",BERSACHE ,872,0.82,3.9,713
https://www.flipkart.com/red-tape-casual-sneaker-shoes-women-soft-cushioned-insole-slip-resistance-sneakers/p/itm1733cb250006a?pid=SHOGUZB9ZNKHGQ6Q&lid=LSTSHOGUZB9ZNKHGQ6QXRBFKI&marketplace=FLIPKART&q=sports+shoes+for+women&store=osp%2Fiko%2Fd20&srno=s_5_199&otracker=search&otracker1=search&fm=Search&iid=2e002e6c-4073-44c1-b8cb-781749043bd2.SHOGUZB9ZNKHGQ6Q.SEARCH&ppt=sp&ppn=sp&ssid=2kbdvjjark0000001755848074462&qH=32e27b1148959538,"Casual Sneaker Shoes for Women | Soft Cushioned Insole, Slip-Resistance Sneakers For Women",RED TAPE ,1709,0.7,4.3,1098
